moment,reaction,offensiveness,responsibility
0,0,-0.27,-0.22
0,1,1.63,-1.03
0,2,-0.36,0.52
0,3,-0.56,0.58
0,4,0.24,-0.54
0,5,-0.56,0.99
0,6,-0.56,0.75
0,7,0.24,-0.21
0,8,1.04,-0.75
0,9,0.06,0.59
0,10,-0.82,0.97
0,11,-0.52,-0.02
0,12,-1.19,-0.2
0,13,-0.45,1.65
0,14,-0.26,0.01
0,15,-0.74,0.18
0,16,-0.08,2
0,17,-0.96,4.44
0,18,-0.3,-0.73
0,19,-0.76,0.09
0,20,0.05,0.83
0,21,-0.26,0.62
0,22,1.84,-0.64
0,23,-1.04,0.92
0,24,-0.48,0.52
0,25,-0.5,0.11
0,26,-0.69,3.06
0,27,-0.14,1.38
0,28,-0.66,-0.06
0,29,-0.56,-0.78
0,30,-0.78,2.02
0,31,0.03,0.74
0,32,-0.37,0.13
0,33,-0.56,1.51
0,34,-0.94,0.7
0,35,-0.61,-0.5
0,36,-0.61,-0.47
0,37,-1.1,-1.03
0,38,-0.62,-0.33
0,39,-0.78,-0.42
0,40,-0.32,2.59
0,41,-0.45,2.03
0,42,-0.49,0.07
0,43,-0.29,1.72
0,44,-0.85,2.41
0,45,-0.79,1.78
0,46,0.13,2.59
0,47,0.17,-0.63
0,48,-0.65,0.91
0,49,-0.71,2.51
1,0,4.32,-0.45
1,1,1.46,-0.64
1,2,0.21,-0.2
1,3,-0.44,-0.44
1,4,0.2,-0.66
1,5,-0.24,1.46
1,6,3.26,1.1
1,7,2.1,0.32
1,8,3.05,-0.6
1,9,4.9,-0.3
1,10,1.02,0.36
1,11,0.74,-0.33
1,12,2.32,-0.89
1,13,2.47,0.39
1,14,2.59,0.32
1,15,0.36,2.96
1,16,0.49,-0.7
1,17,0.79,-0.26
1,18,0.47,-0.02
1,19,5.25,-0.69
1,20,1.7,-0.74
1,21,0.78,0.41
1,22,2.8,-0.58
1,23,4.5,-0.38
1,24,-0.2,-1.32
1,25,0.68,-0.46
1,26,0.78,4.88
1,27,1.97,-0.67
1,28,1.9,-0.04
1,29,1.06,-0.22
1,30,0.53,0.69
1,31,1.81,1.45
1,32,0.05,-0.02
1,33,0.89,0.34
1,34,2.63,0.23
1,35,4.26,-0.15
1,36,0.71,-0.6
1,37,3.12,0.06
1,38,0.35,2.83
1,39,1.22,-0.55
1,40,1.12,0.5
1,41,1.13,1.03
1,42,1.55,-0.54
1,43,0.2,0.72
1,44,0.67,4.65
1,45,0.76,0.4
1,46,1.58,0.02
1,47,1.45,0.69
1,48,2.23,-0.36
1,49,1.5,0.95
2,0,-0.36,-0.05
2,1,2.07,-0.35
2,2,-0.33,-0.27
2,3,0.18,1.23
2,4,1.7,-0.97
2,5,-0.28,1.12
2,6,-0.3,1.01
2,7,1.65,0.95
2,8,0.79,0.98
2,9,0.36,-0.1
2,10,-0.78,4.32
2,11,-0.68,2.39
2,12,-0.73,-0.16
2,13,-0.5,0.16
2,14,1.24,0.34
2,15,0.86,-0.2
2,16,-0.8,0.21
2,17,-0.28,0.07
2,18,0.47,1.03
2,19,-0.33,-0.79
2,20,-0.18,-0.65
2,21,-0.72,0.7
2,22,-0.44,-0.51
2,23,-0.18,2.08
2,24,-0.09,0.37
2,25,-0.44,-0.64
2,26,-0.74,2.84
2,27,-1.02,0.47
2,28,-0.18,-0.65
2,29,-0.66,-0.43
2,30,-0.05,0.62
2,31,2.8,-0.2
2,32,-0.96,0.26
2,33,-0.06,0.17
2,34,0.2,-1.11
2,35,-0.17,4.23
2,36,-0.19,-1.13
2,37,0.31,3.41
2,38,-0.56,0.61
2,39,-0.95,-0.42
2,40,1.29,0.04
2,41,-0.56,1.44
2,42,0.26,5.36
2,43,1.09,1.31
2,44,-0.73,1.4
2,45,-0.87,0.38
2,46,1,0.49
2,47,-0.36,5.73
2,48,-0.03,0.2
2,49,-0.13,0.9
3,0,0.17,-0.56
3,1,2.76,-0.81
3,2,-0.22,0.91
3,3,-0.03,-0.44
3,4,1.22,-0.42
3,5,-0.22,2.03
3,6,-0.27,1.22
3,7,1.99,1.15
3,8,2.53,-0.07
3,9,1.35,0.01
3,10,0.22,1.32
3,11,0.83,-0.03
3,12,0.34,-0.82
3,13,1.95,-0.59
3,14,1.68,-0.1
3,15,-0.12,0.9
3,16,0.82,-0.42
3,17,0.28,-0.38
3,18,1.08,-0.33
3,19,1.88,-0.36
3,20,2.49,-0.9
3,21,-0.59,1.33
3,22,4.59,-0.49
3,23,0.15,0.04
3,24,1.07,-0.8
3,25,1.63,0.02
3,26,0.31,3.26
3,27,1.02,-0.32
3,28,0.46,-0.46
3,29,0.49,-0.37
3,30,1.2,0.06
3,31,2.31,0.72
3,32,-0.14,0.47
3,33,-0.35,1.85
3,34,2.19,0.25
3,35,1.67,-0.69
3,36,1.27,-0.17
3,37,0.31,-0.04
3,38,-0.77,3.16
3,39,0.07,-0.71
3,40,1.62,0.09
3,41,-0.04,-0.24
3,42,-1.32,4.76
3,43,-0.15,0.55
3,44,-0.67,5.88
3,45,0.35,4.09
3,46,-0.42,0.62
3,47,0.53,0.24
3,48,2.5,1
3,49,1.32,0.34
4,0,3.89,-0.83
4,1,4.64,-1.16
4,2,-0.45,0.49
4,3,-0.38,0.81
4,4,0.83,-0.71
4,5,0.06,1.04
4,6,0.3,0.71
4,7,2.94,0.76
4,8,1.07,-0.45
4,9,4.2,-0.18
4,10,0.34,2.16
4,11,1.52,-0.56
4,12,0.6,-0.49
4,13,0.85,-0.08
4,14,2.92,-0.51
4,15,0.07,-0.02
4,16,1.21,0.98
4,17,0.4,-0.09
4,18,1.45,0.3
4,19,3.4,0.45
4,20,0.59,0.88
4,21,-0.02,-0.35
4,22,0.96,-0.6
4,23,2.8,-0.1
4,24,-0.09,0.11
4,25,1.21,-0.63
4,26,1.88,0.9
4,27,0.56,0.19
4,28,4,-0.16
4,29,0.8,1.51
4,30,1.11,0.36
4,31,2.27,1.23
4,32,-1.01,-0.02
4,33,-0.69,-0.14
4,34,5.19,-0.67
4,35,0.1,4.14
4,36,1.03,-0.37
4,37,3.08,-0.69
4,38,0.49,2.18
4,39,-0.17,-0.77
4,40,2.72,0.4
4,41,1.45,1.19
4,42,1.52,1.43
4,43,0.42,2.1
4,44,0,3.74
4,45,0.11,1.47
4,46,1.29,3.46
4,47,0.66,1.69
4,48,1.64,0.04
4,49,1.6,2.46
5,0,0.49,0.01
5,1,3,0.1
5,2,0.82,1.36
5,3,-0.21,0.39
5,4,0.41,-0.26
5,5,0.43,1.62
5,6,-0.3,0.72
5,7,1.28,-0.98
5,8,-0.14,-0.35
5,9,1.92,-0.23
5,10,-0.84,5.01
5,11,1.09,0.51
5,12,0.01,-0.14
5,13,1.4,0.16
5,14,2.31,-0.13
5,15,-0.18,2.73
5,16,0.64,-0.78
5,17,-0.21,0.22
5,18,0.53,0.3
5,19,2.29,-0.71
5,20,1.17,1.36
5,21,0.55,0.94
5,22,0.63,-0.64
5,23,4.13,-0.22
5,24,0.26,0.74
5,25,0.28,0.09
5,26,0.01,2.73
5,27,1.55,-0.21
5,28,0.59,-0.6
5,29,-0.18,-0.09
5,30,0.55,1.27
5,31,1.08,-0.01
5,32,-0.8,0.33
5,33,-0.98,-0.13
5,34,1.74,-0.21
5,35,0.4,3.63
5,36,3.04,-0.46
5,37,0.28,1.21
5,38,-0.14,3.7
5,39,0.39,0.2
5,40,0.97,0.62
5,41,-0.35,2.15
5,42,0.23,1.49
5,43,0.79,1.3
5,44,0.69,5.7
5,45,-0.51,1.1
5,46,0,1.17
5,47,-0.36,0.76
5,48,-0.02,4.04
5,49,-0.08,2.42
6,0,0.3,-0.47
6,1,2.51,-1.07
6,2,-0.17,-0.41
6,3,-0.41,0.05
6,4,-0.23,-0.64
6,5,-0.96,0.83
6,6,0.49,-0.47
6,7,-0.91,-0.79
6,8,3.34,-0.72
6,9,2.36,-0.6
6,10,-0.29,3.67
6,11,-1.06,-0.76
6,12,0.86,-0.77
6,13,0.35,0.32
6,14,3.33,0.72
6,15,-0.82,-0.32
6,16,-0.43,-0.46
6,17,0.58,0.13
6,18,0.11,-0.26
6,19,0.89,0.56
6,20,0.36,0.21
6,21,-0.8,-0.71
6,22,0.66,-0.62
6,23,1.35,0.18
6,24,-0.27,-0.54
6,25,-0.26,-0.7
6,26,-0.19,3.95
6,27,0.71,0.3
6,28,-0.44,-0.37
6,29,-0.47,-0.61
6,30,-0.12,1.48
6,31,0.73,0.66
6,32,-0.6,-0.95
6,33,0.67,0.29
6,34,-0.87,-0.02
6,35,0,1.41
6,36,-0.27,-0.27
6,37,1.42,0.96
6,38,-0.62,1.31
6,39,-0.49,1.08
6,40,0.53,0.3
6,41,0.2,0.76
6,42,0.22,0.35
6,43,-0.7,3.12
6,44,-1.15,2.16
6,45,0.1,-0.36
6,46,-0.24,1.39
6,47,-0.19,0.36
6,48,-0.53,0.37
6,49,0.78,2.71
7,0,5.2,-1.15
7,1,2.41,-1.03
7,2,0.93,0.93
7,3,-0.35,1.24
7,4,2.74,-0.49
7,5,-0.65,1.51
7,6,1.87,-0.18
7,7,1.89,-0.94
7,8,3.06,-0.56
7,9,4.05,-0.62
7,10,2.85,1.2
7,11,0.3,-0.91
7,12,6.68,-0.15
7,13,1.42,-0.77
7,14,2.59,-0.31
7,15,1.66,0.44
7,16,0.71,-0.14
7,17,1.91,0.31
7,18,2.71,-0.22
7,19,1.68,-0.78
7,20,3.59,-0.51
7,21,2.8,-0.53
7,22,5.97,-0.83
7,23,2.2,-0.52
7,24,2.21,0.01
7,25,1.1,0.62
7,26,1.16,0.34
7,27,0.78,0.28
7,28,0.18,-0.68
7,29,0.81,-0.41
7,30,-0.2,1.74
7,31,2.34,0.89
7,32,0.26,0.9
7,33,-0.13,-0.22
7,34,2.6,-0.98
7,35,1.94,1.5
7,36,1.23,-1.02
7,37,0.98,-0.63
7,38,0.35,0.78
7,39,0.92,-0.12
7,40,0.46,0.54
7,41,1.14,0.85
7,42,-0.54,-0.32
7,43,0.98,2.33
7,44,-0.88,4.61
7,45,0.14,0.63
7,46,2.94,0.88
7,47,1.21,0.77
7,48,2.93,0.94
7,49,2.25,1.18
8,0,2.83,-0.22
8,1,2.76,-1.06
8,2,-0.22,0.69
8,3,-0.24,1.68
8,4,0.91,-0.29
8,5,-0.2,1.03
8,6,1.15,-0.39
8,7,1.08,-0.1
8,8,0.29,-0.15
8,9,1.09,0.23
8,10,0.74,0.76
8,11,1.93,0.13
8,12,2.66,-0.92
8,13,1.54,-0.29
8,14,-0.1,0
8,15,0,0.92
8,16,-0.44,0.23
8,17,-0.06,0.59
8,18,-0.32,-0.44
8,19,2.95,-0.84
8,20,1.8,0.06
8,21,0.23,-0.89
8,22,3.19,-0.86
8,23,1.31,-0.62
8,24,0.39,0.43
8,25,0.64,0.1
8,26,-0.96,5.97
8,27,2.07,0.06
8,28,0.26,0.3
8,29,0.4,2.84
8,30,1.6,-0.5
8,31,0.51,1.46
8,32,-0.13,2.53
8,33,0.47,0.17
8,34,1.15,-0.42
8,35,0.36,0.51
8,36,0.88,-0.89
8,37,0.12,-0.56
8,38,-0.25,3.48
8,39,0.8,0.09
8,40,1.46,-0.29
8,41,3.21,1.12
8,42,0.31,2.56
8,43,1.44,0.38
8,44,0.71,5.07
8,45,0.77,0.55
8,46,-0.05,-0.26
8,47,0.02,0.84
8,48,2.29,-0.54
8,49,1.06,0.32
9,0,1.1,0.76
9,1,0.61,-0.44
9,2,0.61,-0.12
9,3,-0.01,1.65
9,4,4.59,-0.95
9,5,1.14,2.13
9,6,-0.13,-0.16
9,7,3.63,-0.36
9,8,1.26,0.2
9,9,0.8,0.48
9,10,-0.45,5.81
9,11,1.02,-0.1
9,12,-0.04,0.78
9,13,0.62,0.52
9,14,-0.72,-1.06
9,15,-0.73,2.2
9,16,-0.1,1.63
9,17,0.14,0.33
9,18,0.62,-0.81
9,19,1.46,-0.31
9,20,0.74,-0.03
9,21,-0.27,0.54
9,22,3.1,-0.14
9,23,0.63,0.95
9,24,0.53,2.16
9,25,0.11,-0.52
9,26,-0.41,3.2
9,27,0.17,-0.32
9,28,0.53,-0.59
9,29,-0.49,-0.29
9,30,0.77,3.27
9,31,0.07,-0.53
9,32,-0.62,0.59
9,33,-0.21,-0.77
9,34,2.72,0.57
9,35,-0.69,3.5
9,36,2.41,0.1
9,37,-0.25,-0.1
9,38,-0.91,2.06
9,39,-0.02,-0.51
9,40,2.34,-0.34
9,41,0.61,1.74
9,42,0.68,3.55
9,43,1.18,4.2
9,44,0.99,0.63
9,45,-0.02,1.15
9,46,0.5,1.24
9,47,-0.47,3.65
9,48,-0.27,0.68
9,49,0.18,5.41
10,0,0.8,-0.77
10,1,3.41,-0.35
10,2,-0.34,-0.15
10,3,-0.24,2.74
10,4,3.28,-1.1
10,5,-0.34,0.28
10,6,-0.36,0.46
10,7,1.19,-0.96
10,8,-0.35,-0.84
10,9,1.52,-0.24
10,10,-0.45,4.1
10,11,-0.07,-0.67
10,12,0.78,-0.67
10,13,0,1.88
10,14,2.06,0.24
10,15,-0.48,-0.2
10,16,-0.34,-0.16
10,17,-0.96,-0.07
10,18,-0.22,-0.26
10,19,0.6,-0.91
10,20,-0.98,4.4
10,21,-0.35,0.19
10,22,1.91,-0.63
10,23,1.09,-0.32
10,24,0.44,0.13
10,25,-0.57,-1.1
10,26,-0.71,5.74
10,27,1.81,-0.24
10,28,0.7,-0.48
10,29,-0.67,1.97
10,30,-0.13,0.02
10,31,0.93,1.46
10,32,-0.67,0.51
10,33,-0.55,-0.01
10,34,2.3,-0.35
10,35,0.89,1.81
10,36,1,-0.74
10,37,0.53,-1.2
10,38,-1.43,5.35
10,39,-0.77,-1.06
10,40,0.05,2.17
10,41,-0.06,2.28
10,42,0.6,1.05
10,43,-0.09,1.97
10,44,-0.73,-0.29
10,45,-0.46,2.08
10,46,-0.19,1.59
10,47,0.16,3.35
10,48,0.28,2.7
10,49,-0.29,2.28
11,0,0.65,-0.27
11,1,0.45,-1.15
11,2,0.61,0.79
11,3,0.1,0.59
11,4,-0.1,-0.75
11,5,-0.68,1.34
11,6,1.03,-0.16
11,7,1.52,-0.63
11,8,1.62,-0.9
11,9,1.2,-1.11
11,10,-0.68,3.54
11,11,0.57,-0.13
11,12,0.99,-0.41
11,13,0.56,0.31
11,14,1.05,-0.27
11,15,-0.1,-0.26
11,16,1.44,-0.23
11,17,-1.02,-0.53
11,18,1.02,-0.95
11,19,0.28,-0.07
11,20,-0.52,-0.63
11,21,-0.92,0.38
11,22,1.75,-0.3
11,23,0.56,-0.83
11,24,0,-0.37
11,25,0.13,-0.26
11,26,0.14,1.81
11,27,0.1,-0.19
11,28,0.48,0.01
11,29,-0.58,-0.59
11,30,-0.05,-0.43
11,31,-0.01,0.69
11,32,0.49,0.48
11,33,-0.39,1.01
11,34,0.92,0.09
11,35,0.01,0.89
11,36,1.86,-0.59
11,37,-0.24,-0.72
11,38,0.3,1.28
11,39,0.93,-0.09
11,40,0.51,-0.17
11,41,0.77,1.35
11,42,0.1,-0.25
11,43,-0.51,0.16
11,44,1.26,4.33
11,45,0.19,0.38
11,46,0.46,1.66
11,47,1,0.47
11,48,0.16,0.91
11,49,-0.35,0.3
12,0,2.63,-0.53
12,1,2.23,-0.06
12,2,2.71,0.06
12,3,0.49,1.59
12,4,0.15,0.09
12,5,-0.22,0.23
12,6,-0.59,0.41
12,7,0.39,-0.64
12,8,0.66,-0.54
12,9,1.78,0.71
12,10,0.29,3.87
12,11,0.82,-0.18
12,12,1.92,-0.52
12,13,3.05,0.41
12,14,2.05,-0.03
12,15,0.63,0.31
12,16,-0.24,-0.7
12,17,1.14,-0.78
12,18,1.31,-0.36
12,19,-0.07,-0.08
12,20,0.81,0.4
12,21,0.4,0.02
12,22,0.87,-1.45
12,23,3.51,0.97
12,24,1.03,0.83
12,25,0.27,-0.67
12,26,0.51,2.14
12,27,1.92,1.85
12,28,0.85,-0.72
12,29,-0.16,0.21
12,30,0.72,0.55
12,31,1.08,0.01
12,32,-0.46,-0.28
12,33,1.21,0.06
12,34,1.81,-0.1
12,35,-1.2,5.06
12,36,0.26,-0.66
12,37,2.68,-0.43
12,38,-0.19,0.59
12,39,0.03,0.29
12,40,1.54,0.02
12,41,0.96,2
12,42,1.09,3.15
12,43,0.93,0.18
12,44,0.42,2.32
12,45,0.69,1.07
12,46,1.17,0.49
12,47,1.47,2.65
12,48,0.37,0.77
12,49,0.57,1.19
13,0,0.81,-0.24
13,1,4.22,-0.55
13,2,1.01,0.67
13,3,0.46,1.36
13,4,2.7,-1.15
13,5,-0.1,2.17
13,6,-0.45,0.3
13,7,1.18,-0.22
13,8,2.9,-0.86
13,9,3.1,-0.78
13,10,1.38,0.15
13,11,1.08,-0.53
13,12,3.25,-0.59
13,13,0.87,0.34
13,14,1.87,0.61
13,15,1.05,1.55
13,16,0.98,0.07
13,17,1.19,-0.41
13,18,3.8,-0.27
13,19,0.73,-0.64
13,20,2.27,0.27
13,21,0.65,-0.33
13,22,4.11,-0.19
13,23,2.79,-0.73
13,24,1.96,-0.38
13,25,0.55,-0.48
13,26,0.99,2.79
13,27,4.04,-0.99
13,28,2.29,0.44
13,29,1.32,-0.23
13,30,0.05,0.01
13,31,1.98,0.92
13,32,0.26,0.65
13,33,-0.64,-0.68
13,34,0.68,-0.13
13,35,1,0.43
13,36,4.52,-0.01
13,37,1.22,-1.05
13,38,0.19,1.49
13,39,0.04,0.04
13,40,1.14,-0.23
13,41,1.4,0.87
13,42,-0.53,0.52
13,43,-0.2,1.23
13,44,0.06,2.98
13,45,0.65,0.3
13,46,1.68,-0.2
13,47,1.18,0.46
13,48,2.22,1.32
13,49,1.53,0.9
14,0,-0.55,0.76
14,1,3.77,-0.35
14,2,-0.31,-0.36
14,3,-0.22,1.02
14,4,0.49,-0.6
14,5,-0.7,0.26
14,6,-0.15,0.65
14,7,0.97,0.17
14,8,0.35,-0.17
14,9,0.26,-0.2
14,10,1.05,1.96
14,11,0.56,-0.08
14,12,-0.25,-0.3
14,13,0.29,1.18
14,14,0.83,-0.89
14,15,-0.07,1.24
14,16,-0.14,0.91
14,17,1.07,0.52
14,18,0.03,-0.14
14,19,1.08,0.61
14,20,-0.52,-0.24
14,21,0.14,2.11
14,22,1.81,-0.08
14,23,1.78,1.5
14,24,0.06,-0.02
14,25,-0.35,-0.89
14,26,-0.67,5.47
14,27,0.19,-0.46
14,28,0.07,0.78
14,29,-0.25,1.41
14,30,-0.97,-0.21
14,31,0.23,0.79
14,32,-0.26,-0.08
14,33,-0.3,0.24
14,34,0.73,0.43
14,35,0.47,0.66
14,36,0.63,-0.9
14,37,0.3,0.62
14,38,-0.59,2.18
14,39,-0.17,-0.73
14,40,1.03,1.17
14,41,-0.06,0.68
14,42,0.43,0.87
14,43,-0.56,1.25
14,44,0.11,3.55
14,45,0.33,1.28
14,46,1.4,0.86
14,47,0.97,0.37
14,48,-0.15,1.04
14,49,1.55,1.97
15,0,1.71,-0.08
15,1,1.82,-0.51
15,2,0.37,0.42
15,3,-0.47,0.99
15,4,-0.32,-0.43
15,5,-0.1,0.33
15,6,-0.55,-0.02
15,7,2.15,0.06
15,8,-0.2,-0.23
15,9,2.73,0.77
15,10,-0.45,4.03
15,11,0.26,-0.31
15,12,0.7,0.05
15,13,0.15,0.26
15,14,1.31,0.44
15,15,-1.22,-0.1
15,16,-0.42,0.74
15,17,0.37,1.94
15,18,1.07,-0.42
15,19,1.4,-0.51
15,20,0.79,-0.17
15,21,0.08,2.6
15,22,0.93,-0.09
15,23,3.9,0.63
15,24,-0.12,1.9
15,25,-0.16,0.08
15,26,-0.17,3.47
15,27,1.53,-0.38
15,28,-0.03,-0.68
15,29,0.46,-0.14
15,30,0,1.02
15,31,2.19,-0.83
15,32,0.84,0.32
15,33,0.05,0.51
15,34,1.74,-0.04
15,35,0.81,2.8
15,36,0.42,-0.26
15,37,2.05,1.32
15,38,-0.58,1.06
15,39,0.53,-0.05
15,40,1.68,1.63
15,41,0.08,3.76
15,42,0.68,2.13
15,43,1.24,2.62
15,44,0.31,-0.24
15,45,1.93,0.44
15,46,1.58,1.86
15,47,-0.71,2.2
15,48,1.12,1.65
15,49,2.58,0.09
16,0,1.28,0.26
16,1,2.54,-0.63
16,2,0.44,-0.19
16,3,-0.37,0.4
16,4,0.61,0.01
16,5,-0.51,0.28
16,6,-0.12,-0.24
16,7,0.01,-0.48
16,8,0.94,-0.35
16,9,1.62,0.8
16,10,0.49,3.7
16,11,-0.69,-0.56
16,12,-0.41,-0.42
16,13,1.08,0.75
16,14,1.63,0.24
16,15,-0.31,-0.59
16,16,-0.04,1.61
16,17,-0.56,-0.41
16,18,0.84,-0.21
16,19,0.61,-0.47
16,20,1.58,-0.25
16,21,-0.54,0.28
16,22,1.78,0.46
16,23,2.73,0.26
16,24,1.16,1.2
16,25,0.31,-0.37
16,26,-1.18,5.14
16,27,2.15,-0.46
16,28,-0.16,-0.03
16,29,-1.09,-0.37
16,30,0.56,0.11
16,31,0.31,2.94
16,32,0.75,0.52
16,33,0.21,0.64
16,34,0.11,-0.51
16,35,0.11,0.75
16,36,1.15,-0.35
16,37,1.22,-0.62
16,38,-0.5,0.42
16,39,0.13,0.64
16,40,0.41,2.82
16,41,0.1,1.59
16,42,1.48,0.95
16,43,0.21,4.51
16,44,0.21,1.12
16,45,1.52,0.84
16,46,-0.86,2.58
16,47,0.6,0.21
16,48,0.17,0.89
16,49,-0.1,3.21
17,0,1.24,-0.61
17,1,3.97,-0.37
17,2,-0.09,-0.3
17,3,-0.07,-0.37
17,4,0.83,-0.44
17,5,0.23,1.01
17,6,-0.1,-0.45
17,7,0.27,0.24
17,8,0.42,-0.69
17,9,0.74,0.93
17,10,1.69,1.24
17,11,0.69,0.41
17,12,-0.02,-0.3
17,13,-0.44,0.23
17,14,2.59,-0.81
17,15,-0.75,0.43
17,16,-0.37,1.36
17,17,-0.22,0.1
17,18,-0.12,-0.29
17,19,0.44,-0.18
17,20,-0.11,0.77
17,21,0.3,0.15
17,22,1.58,-0.78
17,23,2.4,0.03
17,24,1.17,-0.35
17,25,0.37,0.17
17,26,-1.12,4.75
17,27,2.37,-0.44
17,28,1.23,0.35
17,29,-0.49,-0.38
17,30,0.64,1.31
17,31,-0.17,3.02
17,32,-0.31,1.39
17,33,0.11,-0.12
17,34,0.11,-0.38
17,35,2.76,0.96
17,36,0.04,0.22
17,37,1.41,-0.39
17,38,-0.74,0.58
17,39,0.18,-1.15
17,40,-0.9,1.05
17,41,-1.53,3.22
17,42,0.68,0.46
17,43,-0.31,1.79
17,44,1.4,0.81
17,45,0.05,-0.27
17,46,-0.59,4.49
17,47,-0.4,-0.63
17,48,-0.43,1.71
17,49,-0.78,3.14
18,0,1.76,-0.62
18,1,3.59,-0.84
18,2,0.28,-0.07
18,3,-0.75,-0.36
18,4,1.9,-0.65
18,5,-0.67,0.4
18,6,-0.49,0.64
18,7,0.08,-1
18,8,1.84,0.17
18,9,0.44,0.09
18,10,-0.76,3.83
18,11,0.39,-0.84
18,12,0.56,-0.63
18,13,2,-0.13
18,14,-0.57,-1.05
18,15,-0.74,-0.92
18,16,-0.15,0.97
18,17,0.44,-0.83
18,18,1.05,-0.26
18,19,2.77,-0.03
18,20,-0.24,-0.66
18,21,-0.49,0.64
18,22,2.8,-1
18,23,2.45,-0.51
18,24,2.03,-0.02
18,25,0.39,-0.49
18,26,-0.63,2.61
18,27,0.74,0.17
18,28,-0.32,-0.4
18,29,-0.59,2.41
18,30,1.51,-0.33
18,31,0.59,1.44
18,32,-0.82,-0.74
18,33,-0.25,0.17
18,34,3.47,-0.45
18,35,-0.76,5.15
18,36,2.33,0.13
18,37,-0.09,-0.94
18,38,-0.36,1.18
18,39,-0.89,0.24
18,40,2.25,0.66
18,41,-0.19,1.05
18,42,-0.37,3.29
18,43,1.26,1.86
18,44,0.5,2.44
18,45,0.16,1.18
18,46,1.41,0.37
18,47,0.23,4.54
18,48,1.69,0.85
18,49,0.84,1.33
19,0,4.48,-0.05
19,1,2.43,-1.31
19,2,0.02,-0.37
19,3,0.16,1.49
19,4,1.55,0.24
19,5,0.24,1.25
19,6,-0.04,-1.02
19,7,2.2,-0.22
19,8,2.22,-0.87
19,9,3.61,-0.26
19,10,0.5,3.57
19,11,2.98,-0.1
19,12,3.15,0.16
19,13,2.11,-0.29
19,14,2.27,-0.56
19,15,-0.1,0.08
19,16,0.51,-0.1
19,17,2.32,-0.1
19,18,3.31,0.31
19,19,2.61,-0.28
19,20,1,-0.45
19,21,1.86,-0.63
19,22,3.56,-0.48
19,23,2.58,0.06
19,24,1.35,-0.44
19,25,0.21,0.48
19,26,0.2,1.79
19,27,2.5,-0.41
19,28,0.75,0.14
19,29,0.67,0.47
19,30,2.25,0
19,31,-0.19,3.03
19,32,-0.25,0.14
19,33,1.03,0.93
19,34,2.84,-0.24
19,35,-0.21,-0.01
19,36,4.03,-0.5
19,37,-0.4,-0.44
19,38,-0.04,-0.32
19,39,0.38,0.09
19,40,2,0.92
19,41,2.72,0.31
19,42,2.14,1.3
19,43,1.32,1.41
19,44,0.01,4.68
19,45,1.09,-0.62
19,46,1.74,0.32
19,47,1.02,-0.4
19,48,3.07,1.72
19,49,1.99,2.08
20,0,1.51,-0.28
20,1,2.67,-0.56
20,2,-0.08,1.33
20,3,0.28,1.61
20,4,1.39,-0.98
20,5,-0.02,2.9
20,6,0.14,0.36
20,7,0.49,-0.58
20,8,1.91,-1.2
20,9,2,-0.33
20,10,1.08,2.17
20,11,-0.29,-0.71
20,12,0.98,-1.04
20,13,2.38,0.35
20,14,2.9,-0.22
20,15,0.64,1.02
20,16,0.34,0.46
20,17,-0.05,-0.08
20,18,1.38,-0.14
20,19,2.59,-1.15
20,20,-0.61,-0.33
20,21,1.16,0.13
20,22,3.86,-0.02
20,23,2.44,0.16
20,24,1.64,-0.72
20,25,0.7,-0.59
20,26,-0.71,5.17
20,27,1.44,0.39
20,28,0.5,0.22
20,29,-0.76,-0.74
20,30,2.44,0.06
20,31,0.48,1.6
20,32,-0.48,-0.17
20,33,0,0.62
20,34,2.19,-0.74
20,35,0.21,-0.25
20,36,1.98,-1.02
20,37,2.7,-1.02
20,38,-0.22,0.65
20,39,0.37,0.15
20,40,0.52,0.75
20,41,0.42,0.75
20,42,0.17,0.32
20,43,0.7,1.06
20,44,-0.47,3.92
20,45,0.94,2.19
20,46,1.5,1.69
20,47,2.95,-0.9
20,48,-0.08,0.83
20,49,0.3,0.16
21,0,6.3,-0.35
21,1,2.14,-0.38
21,2,0.2,-0.72
21,3,0.82,-0.19
21,4,0.11,-1.17
21,5,-0.34,4.56
21,6,0.95,0.33
21,7,0.09,-0.3
21,8,3.1,-1.1
21,9,4.75,-0.65
21,10,0.14,0.5
21,11,1.51,-0.39
21,12,1.61,-0.42
21,13,3.7,-0.65
21,14,3.21,-0.3
21,15,0.11,0.28
21,16,6.01,0.06
21,17,0.22,-0.51
21,18,0.95,-0.9
21,19,4.19,-0.54
21,20,4.03,-0.58
21,21,1.84,-0.61
21,22,3.34,-0.35
21,23,5.72,-0.26
21,24,2.34,-0.24
21,25,2.1,-0.42
21,26,-0.1,2.64
21,27,3.45,-0.87
21,28,2.88,-0.45
21,29,1.49,0.86
21,30,1.54,-0.33
21,31,2.05,0.74
21,32,-0.39,-0.5
21,33,0.88,-0.6
21,34,1.82,-0.25
21,35,2.91,-0.82
21,36,2.44,-0.33
21,37,6,-0.3
21,38,0.22,0.48
21,39,0.59,-0.85
21,40,2.4,0.17
21,41,1.25,0.54
21,42,1.96,0.89
21,43,0.66,0.63
21,44,-0.55,3.66
21,45,1.84,0.25
21,46,0.89,1.93
21,47,2.81,0.97
21,48,3.47,0.98
21,49,2.93,0.61
22,0,0.11,-0.99
22,1,4.24,-0.6
22,2,0.55,0.73
22,3,-0.15,2.7
22,4,0.91,-0.8
22,5,0.61,2.03
22,6,1.59,0.42
22,7,1.34,-0.31
22,8,2.42,-0.43
22,9,1.45,-0.76
22,10,1.93,0.37
22,11,0.04,0.07
22,12,-0.24,-0.49
22,13,0.96,-0.71
22,14,3.5,-0.63
22,15,-0.77,1.21
22,16,0.37,1.1
22,17,0.69,0.31
22,18,0.68,-0.22
22,19,1.27,-0.93
22,20,4.51,-0.84
22,21,-0.49,-0.79
22,22,3.96,-1.23
22,23,1.28,0.87
22,24,1.74,0.33
22,25,0.73,0.16
22,26,0.49,2.77
22,27,2.36,0.83
22,28,-0.81,-0.91
22,29,-1.27,-1.09
22,30,1.18,1.06
22,31,0.52,1.28
22,32,-0.6,1.52
22,33,-0.7,-0.84
22,34,-0.24,-0.59
22,35,1.5,0.08
22,36,-0.01,-0.39
22,37,0.55,-0.36
22,38,-0.23,1.26
22,39,0.17,-0.88
22,40,1.69,0.23
22,41,1.31,0.15
22,42,-0.07,0.09
22,43,0.61,1.26
22,44,0.01,5.84
22,45,0.04,0.23
22,46,3.25,1.43
22,47,0.18,0.42
22,48,3.55,1.09
22,49,2.67,0.73
23,0,2.26,-0.12
23,1,2.34,-0.82
23,2,0.58,1.03
23,3,0.71,1.09
23,4,2.54,0.24
23,5,1.07,0.93
23,6,0.73,0.87
23,7,0.58,-1.29
23,8,2.83,0.1
23,9,1.72,-0.38
23,10,0.02,4.88
23,11,-0.42,-1.07
23,12,2.32,-0.42
23,13,0.23,0.01
23,14,2.35,-0.16
23,15,1.97,0.02
23,16,0.36,-0.68
23,17,2.23,0.19
23,18,0.24,-0.52
23,19,2.49,-1.02
23,20,0.08,1.52
23,21,0.49,-0.39
23,22,0.72,-0.74
23,23,2.09,0.74
23,24,0.49,-0.65
23,25,1.29,0.31
23,26,1.55,2.09
23,27,1.46,-0.23
23,28,0.74,-0.48
23,29,0.55,0.98
23,30,1.29,0.28
23,31,0.25,1.12
23,32,-0.3,-0.25
23,33,1.97,2.73
23,34,3.12,-0.14
23,35,-0.15,2.96
23,36,0.91,-1.27
23,37,2.36,-0.58
23,38,-0.2,1.67
23,39,-0.59,-1.07
23,40,1.68,0
23,41,2.1,0.98
23,42,0.13,2.52
23,43,1.87,2.41
23,44,0.83,0.74
23,45,0.77,1.98
23,46,-0.09,2.3
23,47,-0.15,1.8
23,48,0.66,0.4
23,49,1.74,0.68
24,0,-0.65,0.03
24,1,2.26,-0.91
24,2,-0.71,2.3
24,3,0.02,-0.74
24,4,0.93,-0.67
24,5,-0.83,2.59
24,6,-0.02,0.36
24,7,0.48,-0.72
24,8,2.54,-0.88
24,9,1.37,-0.42
24,10,-0.15,3.14
24,11,-0.6,0.85
24,12,-1.34,0.46
24,13,0.05,1.08
24,14,0.68,0.23
24,15,-0.86,2.23
24,16,-0.55,-0.12
24,17,0.1,0.47
24,18,-0.65,-0.25
24,19,1.36,-0.06
24,20,-0.75,-0.93
24,21,-0.9,0.03
24,22,1.3,-0.4
24,23,-0.14,3.85
24,24,-0.46,2.4
24,25,-0.73,-0.81
24,26,-0.39,5.34
24,27,0.59,-0.14
24,28,-0.87,-0.55
24,29,-0.73,-0.34
24,30,-0.26,2.14
24,31,0.43,2.15
24,32,-0.77,0.76
24,33,-0.51,-0.06
24,34,-0.28,0.73
24,35,2.02,0.38
24,36,0.88,-0.34
24,37,0.2,-0.45
24,38,-0.14,0.47
24,39,-0.4,-0.19
24,40,-0.14,1.26
24,41,-0.41,3.11
24,42,0.48,0.55
24,43,-0.62,4.46
24,44,0.19,4.98
24,45,-0.59,0.88
24,46,-0.8,3.81
24,47,2.44,-0.23
24,48,-0.76,1.76
24,49,-0.9,4.44
25,0,1.24,0.22
25,1,1.6,-0.84
25,2,-0.49,-0.29
25,3,-0.25,1.4
25,4,2.42,-0.82
25,5,-0.02,1.65
25,6,-0.59,1.96
25,7,-0.35,0.24
25,8,1.17,-0.14
25,9,3.2,-0.52
25,10,0.64,3.45
25,11,-0.45,-0.03
25,12,0.41,-0.09
25,13,0.88,-0.18
25,14,1.06,0.06
25,15,-0.51,0.73
25,16,-1.05,1.58
25,17,-0.43,-0.22
25,18,0.48,0.16
25,19,1.37,-0.59
25,20,-0.9,0.03
25,21,-0.51,-1.19
25,22,1.17,-0.49
25,23,1.39,-0.07
25,24,-0.46,-0.21
25,25,2.06,0.39
25,26,-0.77,6.68
25,27,1.09,0.38
25,28,0.58,-0.19
25,29,-0.06,-0.99
25,30,0.86,1.38
25,31,0.37,1.52
25,32,0.34,1.3
25,33,0.26,0.84
25,34,-0.02,0.77
25,35,3.03,0.98
25,36,3.7,-0.53
25,37,0.9,0.04
25,38,-0.55,-0.22
25,39,2.16,-0.05
25,40,0.1,1.44
25,41,0.58,3.54
25,42,0.61,1.28
25,43,0.48,3.42
25,44,-0.65,0.17
25,45,-0.25,0.8
25,46,-0.29,3.32
25,47,1.33,0.57
25,48,0.14,4.86
25,49,-0.69,4.65
26,0,-1.05,1.04
26,1,3.63,-0.41
26,2,-0.86,0.54
26,3,-0.83,-0.95
26,4,-0.36,-0.63
26,5,-1,2.6
26,6,-0.55,1.22
26,7,0.35,-0.21
26,8,1.5,-0.32
26,9,0.27,-0.2
26,10,-0.98,2.06
26,11,-0.22,0.29
26,12,-0.18,0.12
26,13,-0.21,-0.44
26,14,-0.06,-0.19
26,15,-0.91,1.55
26,16,-0.37,-0.09
26,17,-0.41,-0.4
26,18,-0.2,-0.3
26,19,-1.01,-0.07
26,20,-0.26,0.34
26,21,-0.56,0.6
26,22,1.56,-0.3
26,23,-0.64,1.34
26,24,0.41,0.08
26,25,0.55,-0.64
26,26,-0.08,5.09
26,27,-0.9,-0.22
26,28,0.26,0.97
26,29,-0.8,-1.01
26,30,-0.68,2.44
26,31,-0.62,0.24
26,32,-0.45,1.47
26,33,-0.4,0.58
26,34,1.54,1.55
26,35,-0.67,0.48
26,36,-0.33,-0.51
26,37,0.03,-1.13
26,38,-0.56,-0.26
26,39,-0.63,-0.22
26,40,-1.04,1.4
26,41,-1.28,0.79
26,42,-0.09,0.39
26,43,-0.85,1.43
26,44,-0.39,3.33
26,45,-0.04,0.88
26,46,-0.72,1.65
26,47,0.98,-0.93
26,48,-0.46,1.49
26,49,-0.51,1.7
27,0,1.33,0.37
27,1,1.92,-0.45
27,2,-0.2,-0.05
27,3,-0.05,2.53
27,4,0.96,-0.43
27,5,-1.24,1.36
27,6,-0.29,-0.03
27,7,2.39,-0.86
27,8,2.36,0
27,9,2.97,-0.63
27,10,1.18,2.52
27,11,-0.36,-0.71
27,12,-0.72,-0.55
27,13,0.97,0.95
27,14,-0.53,-0.41
27,15,-0.02,-0.12
27,16,-0.24,0.68
27,17,0.16,-0.05
27,18,0.52,1.11
27,19,0.92,-0.43
27,20,2.48,0.43
27,21,1.12,1.35
27,22,1.4,-0.17
27,23,1.54,1.35
27,24,1.14,0.08
27,25,-0.61,0.01
27,26,0.25,3.75
27,27,0.51,0.54
27,28,0.36,-0.66
27,29,0.24,-0.57
27,30,-0.37,2.56
27,31,0.51,0.44
27,32,-0.08,-0.58
27,33,-0.14,-0.66
27,34,0.42,1.39
27,35,-0.04,0.76
27,36,0.58,-0.69
27,37,0.06,-0.36
27,38,0.16,3.67
27,39,-0.16,-0.72
27,40,0.89,-0.57
27,41,-0.13,0.33
27,42,1.68,1.39
27,43,0.13,1.03
27,44,-0.51,4.57
27,45,0.52,-0.36
27,46,1.1,-0.25
27,47,0.24,0.62
27,48,1.02,1.01
27,49,0.28,0.87
28,0,0.85,-0.25
28,1,4.86,-0.67
28,2,0.66,1.54
28,3,-0.09,1.1
28,4,-0.31,-0.94
28,5,0.59,0.37
28,6,-0.61,-0.25
28,7,0.31,0.02
28,8,2.06,0.13
28,9,2.11,-0.2
28,10,0.06,-0.01
28,11,-0.41,-0.33
28,12,0.58,-0.22
28,13,-0.03,0.52
28,14,0.71,-0.56
28,15,-0.49,1.49
28,16,-0.21,-0.2
28,17,0.06,0.13
28,18,1.35,0.08
28,19,1.7,0.12
28,20,0.55,-0.08
28,21,0.41,1.1
28,22,0.99,-0.04
28,23,2.63,-0.35
28,24,-0.38,0.39
28,25,0.78,-0.34
28,26,-0.46,7.2
28,27,4.03,-0.99
28,28,0.99,0.42
28,29,-0.67,-0.41
28,30,1.86,-0.2
28,31,0.29,1.49
28,32,-0.42,0.56
28,33,0.22,0.59
28,34,1.88,0.81
28,35,0.73,1.45
28,36,0.54,-0.44
28,37,-0.7,-0.05
28,38,-0.88,1.37
28,39,-0.85,-0.25
28,40,-0.23,1.73
28,41,-0.21,1.88
28,42,0.38,-1.21
28,43,1.08,3.61
28,44,-0.2,3.46
28,45,-0.17,1.93
28,46,0.14,2.46
28,47,1,0.05
28,48,-0.09,2.13
28,49,0.33,4.08
29,0,3.34,-0.09
29,1,3.27,-1.12
29,2,0.92,1.19
29,3,0.47,2.93
29,4,0.09,0.14
29,5,-0.13,0.14
29,6,0.17,-0.29
29,7,3.34,-0.82
29,8,1.49,-0.53
29,9,1.57,-0.06
29,10,-0.39,2.52
29,11,-0.47,-0.6
29,12,2.51,-0.73
29,13,0.98,0.63
29,14,1.31,-0.28
29,15,-0.77,2.61
29,16,0.77,-0.71
29,17,-0.84,-0.17
29,18,0.37,-0.75
29,19,0.47,-0.12
29,20,0.33,0.65
29,21,1.82,-0.1
29,22,2.59,-0.75
29,23,3.45,-0.6
29,24,0.15,-0.37
29,25,-0.24,-1.2
29,26,-0.42,3.86
29,27,0.94,-0.47
29,28,1.07,-1.08
29,29,-0.41,-0.16
29,30,4.36,-0.43
29,31,2.11,0.71
29,32,-0.49,1.3
29,33,0.9,-0.43
29,34,0.96,-1.05
29,35,0.46,1.46
29,36,0.44,-0.53
29,37,4.1,-0.21
29,38,0.65,1.36
29,39,0.53,0.2
29,40,2.05,0.51
29,41,1.09,0.85
29,42,-0.29,2.62
29,43,0.87,2.24
29,44,-0.31,2.02
29,45,0.27,0.55
29,46,1.46,2.23
29,47,0.29,2.5
29,48,1.23,1.33
29,49,2.49,0.56
30,0,3.56,-0.17
30,1,3.36,-0.51
30,2,0.01,0.01
30,3,0.88,0.06
30,4,2.21,0.78
30,5,0.41,3.34
30,6,1.78,2.02
30,7,1.75,-1.4
30,8,2.66,-0.9
30,9,4.06,-0.5
30,10,1.06,1.14
30,11,6.18,-0.13
30,12,0.29,-0.53
30,13,2.64,1.22
30,14,0.72,-0.59
30,15,-0.43,0.71
30,16,0.91,-0.34
30,17,1.77,-0.05
30,18,1.15,0.26
30,19,1.57,-0.6
30,20,0.44,0.24
30,21,1.34,-0.81
30,22,3.74,-0.99
30,23,4.26,0.25
30,24,1.53,0.07
30,25,1.48,0.67
30,26,1.39,3.67
30,27,3.17,-0.86
30,28,3.94,0.27
30,29,0.89,0.36
30,30,3.85,0.35
30,31,0.73,0.82
30,32,-0.44,-0.51
30,33,0.91,-0.03
30,34,2.27,-0.22
30,35,1.64,0.75
30,36,1.18,0.16
30,37,2.43,-0.66
30,38,0.19,0.83
30,39,-0.14,0.06
30,40,1.9,0.94
30,41,1.92,0.91
30,42,1.34,2.5
30,43,1.26,1.81
30,44,-0.67,3.22
30,45,1.78,0.57
30,46,0.88,1.19
30,47,2.88,-1.01
30,48,3.34,0.81
30,49,1.61,1.39
31,0,-0.38,0.39
31,1,1.3,-0.8
31,2,0.62,-0.06
31,3,-0.19,0.34
31,4,-0.68,-0.76
31,5,-0.42,0.36
31,6,-0.05,1.4
31,7,1.04,0.7
31,8,0.36,-0.74
31,9,1.24,-0.44
31,10,0.13,1.45
31,11,-0.15,-0.69
31,12,-0.65,-0.8
31,13,-0.27,0.04
31,14,1.37,1.03
31,15,-0.52,0.19
31,16,-0.9,0.36
31,17,-0.12,0.53
31,18,0.89,0.79
31,19,0.11,-0.4
31,20,0.66,1.64
31,21,-0.32,0.35
31,22,1.96,0.48
31,23,-0.45,0.98
31,24,0.49,1.22
31,25,-0.05,0.88
31,26,-0.6,3.57
31,27,1.19,1.16
31,28,0.65,0.82
31,29,-0.51,-0.12
31,30,-0.46,1.41
31,31,-0.59,0.02
31,32,0.01,1.03
31,33,-0.21,0.35
31,34,0.78,0.08
31,35,1.31,-0.05
31,36,1.29,-0.3
31,37,0.08,-0.63
31,38,-0.31,1.41
31,39,-0.39,-0.59
31,40,-0.29,1.15
31,41,1.08,3.77
31,42,2.16,0.57
31,43,0.73,3.1
31,44,-0.2,3.76
31,45,-0.56,1.18
31,46,-0.69,2.99
31,47,0.84,0.08
31,48,-0.75,1.42
31,49,0.62,2.91
32,0,4.58,0.03
32,1,6.06,-1.26
32,2,1.03,1.05
32,3,0.35,-0.08
32,4,3.04,-0.69
32,5,0.03,0.29
32,6,-0.72,0.43
32,7,3.65,-0.86
32,8,1.65,-0.66
32,9,1.94,-0.31
32,10,-0.68,3.68
32,11,0.16,-0.52
32,12,1.37,-0.72
32,13,1.81,-1.29
32,14,2.91,-0.52
32,15,1.44,-0.75
32,16,0.87,-0.49
32,17,0.69,-0.91
32,18,0.77,-0.46
32,19,2.28,-0.49
32,20,0.96,-0.53
32,21,0.2,1.63
32,22,1.07,-0.79
32,23,4.79,-0.35
32,24,1.76,0.09
32,25,-0.02,-0.6
32,26,0.86,2.37
32,27,3.42,-0.31
32,28,0.15,-0.13
32,29,0.42,-0.88
32,30,2.9,-0.84
32,31,0.53,1.43
32,32,-0.47,0.83
32,33,-0.29,0.42
32,34,3.02,-0.42
32,35,0.96,1.48
32,36,1.28,-0.36
32,37,3.71,-0.37
32,38,0.56,0.42
32,39,-0.44,-0.76
32,40,2.25,0.57
32,41,0.04,-0.32
32,42,0,2.97
32,43,1.69,0.75
32,44,-0.43,3.73
32,45,0.04,1.61
32,46,1.99,0.43
32,47,1.17,0.57
32,48,1.69,0.35
32,49,4.12,0.56
33,0,0.36,-0.15
33,1,4.17,-0.41
33,2,-0.19,1.04
33,3,-0.38,1.33
33,4,1.47,-1.11
33,5,0.27,1.63
33,6,-0.47,1.34
33,7,2.3,-0.17
33,8,1.42,0.01
33,9,3.14,-0.2
33,10,0.7,2.55
33,11,-0.05,0.24
33,12,-0.45,-0.3
33,13,2.77,0.2
33,14,3.37,-0.86
33,15,-0.78,0.51
33,16,-0.41,-0.3
33,17,-0.94,-0.3
33,18,0.61,-0.54
33,19,0.97,-0.08
33,20,0.76,-0.24
33,21,-0.09,-0.67
33,22,1.19,-0.68
33,23,0.28,-0.15
33,24,-0.32,-0.4
33,25,-0.11,-0.21
33,26,-0.53,2.71
33,27,4.1,-0.73
33,28,0.68,-0.6
33,29,0.15,-0.01
33,30,1.15,1.13
33,31,0.84,0.12
33,32,0.06,-0.44
33,33,-1.12,-0.68
33,34,0.69,-0.37
33,35,0.51,4.27
33,36,0.94,0.26
33,37,-0.07,-0.75
33,38,0.56,2.78
33,39,0.4,0.26
33,40,0.67,-0.23
33,41,1.68,1.69
33,42,-0.14,1.23
33,43,-0.1,2.42
33,44,-0.48,4.84
33,45,0.87,0.91
33,46,1.36,1.58
33,47,3,0.91
33,48,-0.03,0.75
33,49,0.87,0.81
34,0,1.81,-0.4
34,1,3.46,-1.12
34,2,0.51,0.08
34,3,0.52,0.07
34,4,2.76,-0.51
34,5,-0.34,3.17
34,6,0.32,0.47
34,7,0.68,0.16
34,8,2.56,-0.05
34,9,1.23,-0.74
34,10,0.93,-0.15
34,11,0.59,-0.46
34,12,1.16,-0.02
34,13,1.9,0.29
34,14,3.66,0.26
34,15,-0.37,1.53
34,16,-0.24,-0.58
34,17,3.37,0.17
34,18,1.56,0.37
34,19,1.11,-0.56
34,20,0,0.06
34,21,0.13,-0.26
34,22,2.14,-0.55
34,23,4.59,0.11
34,24,2.09,0.48
34,25,0.39,-0.73
34,26,-1.02,3.96
34,27,3.13,0.22
34,28,0.11,-0.63
34,29,0.07,-0.54
34,30,1.52,0.1
34,31,1.99,1.5
34,32,-0.64,0.09
34,33,1.47,0.31
34,34,1.95,0.09
34,35,3.03,-0.33
34,36,1.27,-0.86
34,37,2.04,0.01
34,38,0.16,2.37
34,39,0.02,-0.01
34,40,1.13,0.3
34,41,1.38,0.69
34,42,0.7,0.19
34,43,0.3,1.26
34,44,-0.29,3.87
34,45,1.03,0.73
34,46,1.3,2.36
34,47,2,1.03
34,48,2.78,-0.11
34,49,1.53,0.7
35,0,0.08,1.81
35,1,2.4,-1.03
35,2,-0.41,-0.45
35,3,0.41,1.34
35,4,0.83,-0.53
35,5,-0.61,1.16
35,6,-0.36,0.21
35,7,-0.08,-1
35,8,0.47,0.18
35,9,0.8,-0.31
35,10,-0.85,2.06
35,11,0.01,-0.22
35,12,-0.09,0.51
35,13,0.19,-0.06
35,14,0.46,0.77
35,15,-0.67,1.64
35,16,0.09,0.53
35,17,0.1,0.48
35,18,-0.44,-0.36
35,19,-0.29,-0.17
35,20,0.05,-0.28
35,21,0.72,1.52
35,22,0.86,-0.9
35,23,1.09,0.43
35,24,-0.49,-0.44
35,25,-0.12,-0.42
35,26,-0.6,6.41
35,27,0.85,0.07
35,28,0.16,0.31
35,29,-0.96,-0.09
35,30,-0.36,0.7
35,31,-0.96,1.01
35,32,-0.53,3.4
35,33,-1,-0.22
35,34,1.71,-0.56
35,35,0.6,1.06
35,36,0.03,0.39
35,37,-0.92,-0.38
35,38,-0.01,1.59
35,39,0.65,-0.13
35,40,-0.32,1.18
35,41,-0.75,1.43
35,42,0.09,0.34
35,43,0.72,2.64
35,44,0.2,3.26
35,45,-0.42,0.88
35,46,0.66,1.35
35,47,1.32,1.42
35,48,1.23,2.14
35,49,-0.25,2.37
36,0,1.18,1.99
36,1,3.03,-0.85
36,2,1.27,-0.11
36,3,0.83,0.71
36,4,-0.7,-0.78
36,5,0.57,0.1
36,6,-0.31,-0.16
36,7,0.94,0.75
36,8,0.1,-0.56
36,9,2.37,-0.32
36,10,0.85,2.63
36,11,0.28,1.03
36,12,0.32,-0.2
36,13,1.12,0.92
36,14,1.58,0.38
36,15,0.06,1.1
36,16,0.68,0.06
36,17,1.66,-0.2
36,18,0.37,0.03
36,19,1.51,-0.06
36,20,0.33,0.48
36,21,-0.84,0.59
36,22,0.61,-0.22
36,23,3.46,-0.47
36,24,2.11,0
36,25,-0.05,1.13
36,26,-0.14,4.44
36,27,2.28,-0.35
36,28,1.93,-0.29
36,29,-0.11,-0.1
36,30,1.54,-0.18
36,31,-0.94,1.26
36,32,-0.39,0.3
36,33,0.53,0.54
36,34,1.31,1.04
36,35,1.21,0.61
36,36,0.5,-1.16
36,37,0.42,0.76
36,38,0.24,0.55
36,39,-0.23,-0.34
36,40,-0.52,1.5
36,41,0.57,3.22
36,42,-0.11,-0.17
36,43,-0.23,3.48
36,44,0.12,0.86
36,45,-0.1,1.53
36,46,-0.17,4.92
36,47,0.55,-0.78
36,48,0.58,2.33
36,49,-0.28,2.9
37,0,-0.24,0.37
37,1,5.4,-0.21
37,2,-0.34,-0.16
37,3,0.22,0.97
37,4,0.82,-0.39
37,5,-0.08,0.58
37,6,0.07,0.61
37,7,0.46,-0.7
37,8,1.25,-0.23
37,9,2.13,-0.02
37,10,-0.63,1.93
37,11,-0.83,-0.02
37,12,-0.18,-0.45
37,13,-0.61,0.55
37,14,0.26,0.06
37,15,-0.78,3.23
37,16,-0.08,-0.53
37,17,0.03,0.74
37,18,-0.16,0.5
37,19,-0.77,-0.79
37,20,-0.34,0.22
37,21,-0.41,0.49
37,22,-0.14,-0.86
37,23,-0.24,2.84
37,24,-0.73,0.55
37,25,-0.95,0.15
37,26,-0.59,5.05
37,27,0.68,1.17
37,28,-0.2,-0.63
37,29,-0.74,-0.29
37,30,-1.07,0.77
37,31,0.46,0.41
37,32,-0.53,1.69
37,33,-0.41,2.07
37,34,0.5,0.28
37,35,-0.22,0.34
37,36,0.63,0.15
37,37,-0.04,-0.35
37,38,0.09,0.78
37,39,0.06,0.11
37,40,0.51,1.19
37,41,-0.12,2.25
37,42,-0.54,0.53
37,43,-0.43,2.07
37,44,-0.4,4.1
37,45,-1.06,0.77
37,46,-0.03,2.39
37,47,0.21,-0.96
37,48,0.37,1.16
37,49,-0.6,3.31
38,0,0.32,0.41
38,1,4.37,-0.96
38,2,0.37,-0.04
38,3,-0.93,-0.24
38,4,2.96,0.04
38,5,-1.52,0.14
38,6,-0.95,-0.44
38,7,-0.11,-0.39
38,8,0.97,0.56
38,9,0.68,-0.93
38,10,0.64,3.59
38,11,-0.58,0.13
38,12,-0.21,-0.49
38,13,-0.12,-0.05
38,14,0.48,0.82
38,15,-0.04,1.46
38,16,0.86,0.58
38,17,-0.64,-0.65
38,18,-0.53,-0.03
38,19,2.05,-0.75
38,20,0.32,-0.53
38,21,-0.28,-0.35
38,22,2.92,-0.83
38,23,0.36,-0.34
38,24,0.09,0
38,25,-0.09,-0.29
38,26,-0.7,3.68
38,27,0.58,0.75
38,28,-0.3,-0.15
38,29,-0.42,-0.43
38,30,0.3,0.41
38,31,0.44,-0.83
38,32,-0.63,0.13
38,33,0.38,0.06
38,34,2.32,0.12
38,35,0.26,2.41
38,36,1.72,-0.31
38,37,0.96,1.04
38,38,-0.27,2.15
38,39,-0.45,-0.97
38,40,1.22,2.13
38,41,-0.37,0.76
38,42,0.84,0.51
38,43,-0.52,3.4
38,44,-0.77,3.93
38,45,0.09,1.49
38,46,0.39,1.01
38,47,0.36,2.13
38,48,0.89,2.41
38,49,1.07,2.47
39,0,2.84,0.39
39,1,1.84,-0.28
39,2,2.69,-0.63
39,3,-0.7,-0.23
39,4,1.86,-0.45
39,5,0.65,1.14
39,6,0.76,0.22
39,7,1.88,-0.29
39,8,1.18,-1.07
39,9,1.42,0
39,10,0.48,2.68
39,11,-0.1,0.26
39,12,0.85,-0.76
39,13,2.89,-0.48
39,14,2.69,-0.92
39,15,1.33,1.57
39,16,0.09,0.16
39,17,3.37,0.09
39,18,0.47,0.01
39,19,2.08,-0.63
39,20,0.35,-0.58
39,21,1.34,0.79
39,22,3.81,-0.79
39,23,3.23,-0.82
39,24,-0.45,-0.61
39,25,1.74,0.86
39,26,-0.57,1.83
39,27,0.03,-0.18
39,28,1.22,-0.68
39,29,2.51,1.8
39,30,0.19,0.08
39,31,2.94,0.3
39,32,0.16,-0.02
39,33,0.03,-0.6
39,34,4.28,-0.1
39,35,0.96,4.48
39,36,1.39,-0.41
39,37,2.19,-0.41
39,38,0.94,1.29
39,39,3.35,-0.21
39,40,1.65,2.28
39,41,-0.12,0.98
39,42,1.39,2.44
39,43,0.61,1.88
39,44,0.99,1.96
39,45,-0.1,2.51
39,46,2.21,0.66
39,47,1.41,3.79
39,48,1.98,2.07
39,49,1.24,2
40,0,-0.96,0.86
40,1,4.09,0.2
40,2,-0.41,1.27
40,3,-0.92,1.04
40,4,0.23,-0.08
40,5,-0.82,0.47
40,6,-0.77,2.1
40,7,-0.74,-0.64
40,8,-0.96,-0.76
40,9,0.37,-0.1
40,10,-0.31,1.07
40,11,-0.74,0.6
40,12,-0.49,-0.01
40,13,-0.79,0.75
40,14,0.02,0.51
40,15,-0.69,0.67
40,16,-0.54,1.07
40,17,-0.37,0.03
40,18,-0.3,-0.77
40,19,-0.03,-0.22
40,20,-0.04,0.83
40,21,-0.45,1.07
40,22,0.47,-0.24
40,23,-0.11,3.09
40,24,-0.85,1.95
40,25,-0.78,0.2
40,26,-0.18,2.75
40,27,0.04,1.31
40,28,0.19,1.07
40,29,-0.48,-0.23
40,30,-1.22,1.89
40,31,-0.09,0.63
40,32,-0.74,-0.15
40,33,-0.86,-0.02
40,34,1.11,0.88
40,35,0.63,0.54
40,36,-0.18,-0.3
40,37,-0.38,-0.53
40,38,-0.1,1.25
40,39,-0.32,-0.25
40,40,-0.03,0.51
40,41,0.46,2.58
40,42,0.1,-0.22
40,43,-0.58,1.6
40,44,-0.18,4.74
40,45,-0.81,1.93
40,46,-1.11,4.09
40,47,2.34,0.07
40,48,-0.3,2.82
40,49,0.12,4.35
41,0,-0.12,2.48
41,1,4.04,-0.07
41,2,-0.89,-0.48
41,3,-0.06,1.19
41,4,1.01,-0.61
41,5,-0.55,-0.22
41,6,-1.04,1.03
41,7,-0.44,0.04
41,8,-0.45,-0.16
41,9,1.76,-0.06
41,10,0.02,2.62
41,11,-0.32,1.02
41,12,0.01,1.59
41,13,-0.29,1.09
41,14,0.19,0.02
41,15,-0.62,1.82
41,16,0.52,0.51
41,17,2.56,-0.44
41,18,-0.78,1.63
41,19,0.42,-0.2
41,20,-0.04,0.19
41,21,-0.35,-0.02
41,22,-0.41,-0.7
41,23,-1.26,0.9
41,24,-0.49,-0.13
41,25,-0.97,-0.54
41,26,-0.98,7.76
41,27,0.43,0.06
41,28,0.6,-0.41
41,29,-0.2,-0.95
41,30,0.12,1.16
41,31,-0.22,2.68
41,32,-0.53,-0.12
41,33,-0.94,-0.66
41,34,-0.01,0.33
41,35,0.4,0.58
41,36,-0.86,0.16
41,37,0.65,-0.5
41,38,-0.91,-0.06
41,39,2,0.03
41,40,-0.48,1.31
41,41,-1.14,3.12
41,42,0.23,1.71
41,43,-0.56,3.05
41,44,-1.23,4.07
41,45,-0.4,2.23
41,46,-0.07,4.77
41,47,1.67,-1.17
41,48,-1.16,2.5
41,49,-0.82,2.91
42,0,1.72,-0.05
42,1,4.93,-0.07
42,2,-0.82,0.46
42,3,0.49,1.45
42,4,1.61,-0.68
42,5,0.05,2.48
42,6,-0.82,0.98
42,7,2.06,-0.31
42,8,0.45,-0.08
42,9,0.47,0.07
42,10,1.72,5.71
42,11,0.36,-0.14
42,12,1.23,-0.64
42,13,1.39,0.34
42,14,2.12,-0.59
42,15,-0.91,1.31
42,16,-0.54,3.31
42,17,-0.19,1.8
42,18,0.16,0.51
42,19,1.12,-0.65
42,20,0.06,-0.63
42,21,0.09,0.05
42,22,1.76,-0.44
42,23,0.46,0.11
42,24,1.08,0.22
42,25,-0.06,0.3
42,26,-0.45,4.61
42,27,-0.06,-0.47
42,28,-0.08,-0.12
42,29,0.34,0.29
42,30,0.08,0.49
42,31,0.79,-0.06
42,32,-0.61,-0.2
42,33,-0.54,0.35
42,34,0.88,0.32
42,35,1.38,0.48
42,36,2.78,0.13
42,37,-0.42,-0.36
42,38,0.07,0.97
42,39,0.85,-0.43
42,40,-0.34,1.29
42,41,1.59,2.35
42,42,1.3,0.51
42,43,-0.3,2.07
42,44,-0.46,4.3
42,45,-0.58,0.62
42,46,0.73,0.86
42,47,0.69,-0.28
42,48,1.39,0.57
42,49,-0.02,1.96
43,0,2,0.08
43,1,3.48,-0.79
43,2,0.38,-0.19
43,3,-0.37,0.95
43,4,2.78,0.09
43,5,0.01,0.73
43,6,-0.16,0.13
43,7,1.42,-0.36
43,8,2.07,-0.91
43,9,2.78,-0.72
43,10,-0.26,6.63
43,11,0.42,0.3
43,12,1.61,-0.42
43,13,0.73,0.16
43,14,3.29,0.23
43,15,-0.34,0.03
43,16,0.59,-0.03
43,17,1.2,-0.69
43,18,0.23,-0.53
43,19,5.02,0.05
43,20,-0.16,2.61
43,21,-0.06,-0.25
43,22,1.46,0.27
43,23,3.43,-0.65
43,24,0.48,-0.27
43,25,-0.15,-0.15
43,26,-0.16,4.29
43,27,3.2,-0.41
43,28,0.25,-0.56
43,29,0.97,1.48
43,30,-0.02,0.73
43,31,0.48,0.7
43,32,0.32,0.29
43,33,-0.18,-0.82
43,34,3.29,-0.69
43,35,0.77,0.34
43,36,2.32,-0.97
43,37,3.37,-0.14
43,38,0.73,0.59
43,39,1.9,0.67
43,40,1.95,0.92
43,41,0.21,1.31
43,42,0.04,3.88
43,43,0.43,1.76
43,44,1.29,2.61
43,45,1.78,2.81
43,46,1.12,0.92
43,47,-0.16,1.66
43,48,2.58,1.6
43,49,0.2,0.04
44,0,0.96,-0.67
44,1,4.2,-0.52
44,2,0.43,-0.21
44,3,0.59,4.1
44,4,1.16,-0.34
44,5,0.7,0.77
44,6,-0.78,0.02
44,7,3.03,-0.3
44,8,1.98,-0.64
44,9,1.89,-0.03
44,10,0.48,3.65
44,11,-0.3,0.39
44,12,0.79,0.8
44,13,1.48,0.66
44,14,2.21,-0.42
44,15,0.58,0.7
44,16,0.17,-0.32
44,17,-1.03,-0.3
44,18,-0.65,-0.62
44,19,0.59,-1
44,20,0.76,0.65
44,21,2.11,3.43
44,22,1.87,-0.44
44,23,2.43,-0.41
44,24,-0.51,0.37
44,25,-0.04,-0.68
44,26,0.83,4.07
44,27,1.43,-0.69
44,28,-0.07,-0.72
44,29,-0.16,1.1
44,30,1.93,-0.61
44,31,0.96,-0.03
44,32,-0.51,-0.77
44,33,-0.26,0.05
44,34,0.53,0.02
44,35,-0.73,4.75
44,36,0.62,-0.3
44,37,0.19,-0.4
44,38,-0.62,2.76
44,39,0.06,-0.62
44,40,2.09,0.61
44,41,0.93,3.08
44,42,0.72,1.83
44,43,1.21,2.29
44,44,1.08,2.01
44,45,0.04,2.1
44,46,0.02,1.71
44,47,0.6,2.44
44,48,0.75,0.41
44,49,0.35,0.94
45,0,1.47,0.44
45,1,1.86,-0.55
45,2,0.14,-0.16
45,3,0.39,0.61
45,4,2.46,-0.63
45,5,-0.38,-0.3
45,6,0.08,0.15
45,7,0.26,0.22
45,8,0.89,-0.32
45,9,1.23,0.44
45,10,0.07,4.2
45,11,-0.25,-0.67
45,12,1.78,-0.57
45,13,-0.29,0.43
45,14,2.89,-0.15
45,15,-0.46,-0.35
45,16,-0.06,-0.07
45,17,0.99,0.95
45,18,0.42,-0.68
45,19,1.24,-0.7
45,20,-0.4,-0.49
45,21,-0.42,-0.53
45,22,1.77,0.33
45,23,0.27,0.21
45,24,-0.35,-0.26
45,25,-0.37,0.2
45,26,-0.27,2.89
45,27,1.63,0.81
45,28,-0.53,-0.61
45,29,-0.43,-0.45
45,30,0.3,1.09
45,31,-0.48,0.4
45,32,-0.45,-0.34
45,33,0.13,2.35
45,34,1.36,0.65
45,35,1.05,1.84
45,36,0.11,0.11
45,37,2.92,0.05
45,38,-0.3,0.66
45,39,-1.2,-0.51
45,40,0.57,1.26
45,41,-0.11,1.85
45,42,-0.43,2.36
45,43,-0.78,0.73
45,44,-0.92,0.47
45,45,0.13,0.12
45,46,-0.99,0.74
45,47,-0.01,1.81
45,48,0.25,1.11
45,49,-0.12,2.55
